6001,121.6,1428338435
5999,121.7,1428338465
5999,121.6,1428338496
5999,122.5,1428338525
5999,122.5,1428338556
6001,122.7,1428338585
5999,122.6,1428338615
5999,122.8,1428338646
5999,122.9,1428338676
5999,123.3,1428338705
5998,122.8,1428338735
5998,123.5,1428338765
5998,123.7,1428338795
5999,123.7,1428338825
5998,123.3,1428338855
5999,123,1428338885
5999,122,1428338915
6000,122.2,1428338945
6001,123,1428338975
6000,123.1,1428339005
6001,122.9,1428339035
6001,123.4,1428339065
5999,123.2,1428339095
6001,123.3,1428339125
6001,123.5,1428339155
6000,123.3,1428339186
6001,123.2,1428339215
6000,123.2,1428339245
6001,123.3,1428339275
6001,123.4,1428339305
6001,123.3,1428339335
6001,123.4,1428339366
6001,123.5,1428339395
6001,123.5,1428339425
6002,123.5,1428339455
6002,123.4,1428339485
6003,123.5,1428339515
6002,123.4,1428339545
6003,123.5,1428339576
6001,123.3,1428339605
6002,123.3,1428339635
6002,123.2,1428339665
6002,121.7,1428339695
6002,121.7,1428339725
6001,121.8,1428339755
6001,121.8,1428339785
6001,123.5,1428339815
5999,123.6,1428339845
6000,123.7,1428339875
5999,123.5,1428339905
6001,123.6,1428339935
6001,123.5,1428339965
6000,123.5,1428339995
6000,123.5,1428340025
5999,123.5,1428340055
5999,123.4,1428340085
5999,123.4,1428340115
6001,123.4,1428340145
6001,123.4,1428340175
6000,123.4,1428340207
6001,122.6,1428340235
6000,122.6,1428340265
6000,122.5,1428340295
5999,122.5,1428340325
6001,122.7,1428340355
6000,122.4,1428340385
6002,122.7,1428340415
6000,122.6,1428340445
5999,122.7,1428340475
5999,122.6,1428340505
6001,122.6,1428340534
6001,123.6,1428340565
6001,123.6,1428340595
5999,122.6,1428340625
5999,122.5,1428340655
6000,122.6,1428340685
6001,122.5,1428340715
6000,122.5,1428340745
6001,122.5,1428340775
6000,122.5,1428340805
5999,122.4,1428340834
6001,122.4,1428340864
6002,122.5,1428340895
5999,122.5,1428340924
5999,122.4,1428340954
6002,123.4,1428340984
6000,123.3,1428341014
5998,123.1,1428341045
5998,124,1428341074
5998,123.7,1428341105
5998,123.9,1428341134
5999,123.9,1428341164
5998,124,1428341194
5998,124,1428341224
5999,123.9,1428341255
5999,124,1428341284
6000,124,1428341315
5998,123.9,1428341344
6000,123.7,1428341375
6001,123.5,1428341404
6001,123.6,1428341435
5998,123.3,1428341464
5999,123.4,1428341494
6000,123.2,1428341525
5999,123.2,1428341554
5999,123.3,1428341584
5999,123.3,1428341615
5999,123.2,1428341644
5999,123.4,1428341674
5999,123.6,1428341704
5999,123.9,1428341734
6000,124.3,1428341764
6000,124.4,1428341794
5999,124.4,1428341825
6000,124.4,1428341854
6000,124.4,1428341885
6000,124.5,1428341914
5999,124.6,1428341944
6000,124.9,1428341974
6000,124.6,1428342004
5999,124.7,1428342034
5999,124.8,1428342064
6000,124.4,1428342094
5999,124.3,1428342124
6000,124.3,1428342154
6000,124.4,1428342184
5999,124.3,1428342214
5999,124.4,1428342245
6000,124.4,1428342274
6000,124.3,1428342304
6000,124,1428342334
6001,123.7,1428342364
6000,124.3,1428342394
6000,124.5,1428342424
6001,124.7,1428342454
6000,124.3,1428342484
5999,124.3,1428342514
5999,123.9,1428342544
6001,123.9,1428342574
6001,123.8,1428342605
5999,122.8,1428342634
6002,122.8,1428342664
6001,122.7,1428342694
6002,122.7,1428342724
6001,122.7,1428342754
6002,122.9,1428342784
6001,122.8,1428342814
6003,122.8,1428342844
6001,122.7,1428342874
6001,122.5,1428342904
6002,122.5,1428342934
6001,122.4,1428342964
6002,122.4,1428342994
6000,122.3,1428343024
6002,122.5,1428343054
6000,122.5,1428343084
6002,122.5,1428343114
6002,122.8,1428343144
6000,122.9,1428343174
6000,122.9,1428343204
5999,122.6,1428343234
5998,122.6,1428343264
5998,122.9,1428343294
6000,122.8,1428343324
5998,122.6,1428343354
6001,122.5,1428343384
5999,122.5,1428343414
5999,122.5,1428343444
5998,122.6,1428343474
5998,122.9,1428343504
5998,121.9,1428343534
5999,121.7,1428343564
5999,121.7,1428343594
5998,121.6,1428343624
5999,121.5,1428343653
5998,121.3,1428343684
5997,121.4,1428343713
5997,121.3,1428343744
5998,121.5,1428343774
5996,122.5,1428343804
5999,122.3,1428343835
5997,122.3,1428343863
5999,121.2,1428343894
5997,121.2,1428343924
5999,121,1428343954
5998,121.8,1428343983
5999,121.7,1428344013
6000,121.7,1428344044
5999,120.5,1428344074
5999,120.5,1428344103
6001,120.5,1428344133
6001,120.7,1428344163
5999,119.7,1428344194
5999,120.1,1428344223
5999,120.5,1428344253
6001,120,1428344284
6000,120.8,1428344313
6001,121.6,1428344343
6001,122.7,1428344373
6000,122.5,1428344403
5999,122.1,1428344433
6000,119.1,1428344463
6000,121.5,1428344493
6000,122.8,1428344523
6001,123.1,1428344553
6001,123.1,1428344584
6002,122.1,1428344613
6001,122.9,1428344643
6001,123.2,1428344673
6003,123,1428344703
6001,122.1,1428344734
6002,121.9,1428344763
6002,121.9,1428344793
6002,121.6,1428344824
6003,121.6,1428344853
6002,122.2,1428344884
6003,122.4,1428344913
6002,122.2,1428344943
6001,122.1,1428344974
6001,122.4,1428345003
6001,122.2,1428345033
5999,122,1428345064
5999,123,1428345093
5998,122.6,1428345123
5998,122.5,1428345153
5999,122.5,1428345184
5999,122.6,1428345213
6000,122.5,1428345243
6000,122.5,1428345273
6000,122.5,1428345303
6000,122.4,1428345333
6000,122.7,1428345363
6001,122.6,1428345393
6000,122.6,1428345423
5999,122.4,1428345453
6000,122.2,1428345483
6000,122.3,1428345513
5999,122.3,1428345543
6001,122.1,1428345573
5999,122,1428345603
6001,121.9,1428345633
6001,122,1428345663
6001,121.8,1428345693
6000,121.9,1428345723
6001,121.8,1428345753
6000,121.8,1428345783
6001,122,1428345813
6000,121.8,1428345843
6001,122.2,1428345873
6000,122.9,1428345903
5999,124,1428345933
6000,123.9,1428345963
6000,124,1428345993
6001,123.7,1428346023
6000,123,1428346053
6000,123.2,1428346083
5999,123,1428346113
6000,122.6,1428346143
6001,122.4,1428346174
6000,122.5,1428346203
5999,122.8,1428346233
6000,122.3,1428346263
6000,121.9,1428346293
5999,121.8,1428346323
5999,121.8,1428346353
5999,121.7,1428346383
5999,122,1428346413
5998,122,1428346443
5999,121.8,1428346473
6000,122.1,1428346503
5998,122,1428346533
5998,121.8,1428346563
5998,121.8,1428346593
6000,122.1,1428346623
5999,122.2,1428346653
5998,121.2,1428346683
5999,121.1,1428346713
5998,121.2,1428346743
5999,121.5,1428346772
5997,121.5,1428346803
5998,122.4,1428346833
5998,122.4,1428346862
5998,122.4,1428346893
5996,122.3,1428346922
5998,121.8,1428346952
5997,121.7,1428346983
5998,121.8,1428347012
5997,121.7,1428347042
5998,121.9,1428347073
5997,122,1428347102
5999,121.8,1428347132
5998,121.9,1428347163
5998,122.2,1428347192
5997,122.1,1428347223
5999,122.2,1428347253
5997,122.1,1428347282
5998,121.3,1428347312
5998,121.3,1428347343
5998,122.2,1428347373
5998,122.2,1428347402
5998,122.8,1428347433
5999,122.3,1428347462
6000,122.2,1428347493
5999,122.3,1428347522
6000,122.4,1428347552
6000,122,1428347582
5999,121.9,1428347612
6001,122.4,1428347642
6000,122.4,1428347672
6000,122.6,1428347703
5999,122.6,1428347732
6000,122.5,1428347763
6000,122.6,1428347792
5999,122.6,1428347822
5999,122.6,1428347853
5999,122.7,1428347882
6000,122.7,1428347912
6000,122.6,1428347942
5998,122.7,1428347972
6001,122.4,1428348002
5999,123.2,1428348032
5999,123.4,1428348062
6000,123.3,1428348092
6000,123.3,1428348122
5999,123.4,1428348153
6000,123.5,1428348182
5999,122.4,1428348212
5999,122.3,1428348242
5999,122.3,1428348272
6001,122.3,1428348302
6000,122.3,1428348332
6000,122.3,1428348363
6001,122.3,1428348392
6000,122.2,1428348422
6000,122.4,1428348452
6000,122.4,1428348482
6000,122.4,1428348513
6001,122.6,1428348542
6001,122.5,1428348572
5999,122.6,1428348602
5999,121.6,1428348632
5999,121.9,1428348662
5999,121.9,1428348692
5999,121.9,1428348722
5998,122,1428348752
5998,121.7,1428348782
5998,121.8,1428348812
5999,121.9,1428348842
6000,122,1428348872
6000,122,1428348902
5999,123,1428348932
6000,123,1428348962
5999,123.1,1428348992
5998,123.5,1428349022
6000,123.3,1428349052
6000,122.2,1428349082
6001,122.2,1428349112
6001,122.7,1428349142
6000,122.8,1428349172
6000,123.3,1428349202
6001,123.3,1428349232
5999,123.2,1428349262
6000,122.1,1428349292
6000,122,1428349322
6000,122,1428349352
6001,121.9,1428349382
6001,121.6,1428349412
5999,121.9,1428349442
6001,121.9,1428349472
6001,122,1428349502
6001,122.1,1428349532
6002,122.1,1428349561
6000,122.1,1428349592
6001,122.4,1428349622
6001,122.4,1428349652
6000,123.4,1428349682
6000,123.6,1428349711
5999,123.1,1428349742
6001,122.8,1428349771
6002,123.3,1428349801
6002,123.2,1428349832
6000,123.1,1428349861
6001,122.8,1428349891
5998,122.3,1428349921
6001,122.5,1428349952
6001,122.8,1428349982
6001,122.6,1428350012
6001,121.9,1428350041
6000,121.7,1428350071
6000,121.5,1428350102
6001,121.8,1428350131
6000,122.6,1428350161
6000,122.6,1428350192
6000,122.7,1428350221
5999,122.6,1428350251
6000,122.5,1428350281
5999,122.7,1428350312
5999,122.7,1428350341
6001,122.4,1428350371
6001,122.5,1428350402
6000,122.6,1428350431
5998,122.5,1428350462
5999,122.5,1428350491
5999,122.5,1428350521
5998,122.6,1428350551
5999,123.2,1428350582
6001,123.2,1428350611
6000,123.3,1428350641
5999,123.3,1428350672
5998,123.3,1428350702
5999,123.3,1428350731
6000,123.2,1428350761
5999,123.3,1428350792
5998,123.4,1428350821
5998,123.3,1428350852
5998,123.3,1428350881
5998,123.7,1428350911
6001,123.7,1428350942
5999,123.7,1428350971
5997,123.6,1428351001
5997,123.3,1428351032
5998,123.3,1428351061
5997,123.3,1428351091
5999,123.4,1428351122
6000,123.3,1428351151
5999,123.3,1428351181
5998,123.1,1428351211
5998,123.3,1428351241
5998,122.7,1428351271
5998,123.4,1428351301
5999,123.6,1428351331
5999,123.5,1428351361
5998,123.5,1428351391
5998,123.4,1428351421
5999,123.8,1428351451
5998,123.6,1428351481
5998,123.7,1428351511
5998,123.7,1428351541
5998,123.7,1428351572
5997,122.8,1428351601
5998,122.7,1428351631
5997,122.1,1428351661
5998,122.1,1428351691
5998,122.1,1428351721
5999,122.3,1428351751
5998,122.6,1428351781
5998,122.5,1428351811
5999,122.6,1428351841
5999,122.6,1428351871
5998,122.4,1428351901
6000,122.1,1428351931
5998,122.1,1428351961
5997,122,1428351991
5999,122.1,1428352021
5998,122.2,1428352051
5999,123,1428352081
5998,123,1428352111
5998,123.7,1428352141
5998,123.6,1428352171
5998,123.5,1428352201
5997,123.5,1428352231
5998,123.6,1428352261
6000,123.6,1428352291
5998,123.6,1428352321
5998,123.6,1428352351
5998,123.7,1428352381
5999,123.7,1428352411
5999,123.9,1428352441
5997,123.8,1428352471
5998,123.7,1428352501
5998,123.7,1428352531
5997,123.7,1428352561
5997,123.7,1428352591
5998,123.6,1428352621
5998,123.8,1428352650
6000,123.7,1428352681
5998,123.6,1428352711
5998,123.5,1428352741
5997,123.6,1428352770
5998,123.1,1428352801
5999,123.1,1428352831
5998,122.9,1428352861
5996,123,1428352891
5998,123.4,1428352931
5997,122.9,1428352953
5998,123,1428352980
5998,123,1428353010
5998,123.2,1428353045
5997,123.2,1428353073
5998,123.3,1428353108
5998,123.3,1428353135
5999,123.3,1428353161
5999,120.3,1428353200
5999,120.7,1428353228
5998,120.8,1428353251
5998,120.6,1428353283
5998,120.6,1428353313
5998,120.4,1428353348
5998,120.2,1428353371
5998,120,1428353422
6000,120.8,1428353430
5999,120.8,1428353463
5998,122.9,1428353490
5999,123,1428353520
5996,120.7,1428353558
5999,120.7,1428353583
5997,120.7,1428353610
5998,120.8,1428353640
5997,123,1428353678
5998,122.9,1428353708
5997,120.7,1428353731
5999,121.6,1428353760
5997,121.5,1428353790
6000,121.5,1428353820
5997,122.6,1428353850
5999,122.8,1428353880
5997,122.7,1428353910
6000,122.7,1428353941
6001,122.5,1428353970
6000,122.4,1428354001
6001,122.6,1428354030
6000,122.4,1428354060
6002,122.5,1428354091
6001,121.7,1428354120
6000,121.5,1428354151
6001,121.4,1428354180
6002,121.6,1428354211
6001,121.6,1428354240
6001,121.6,1428354270
6001,121.6,1428354300
6001,121.4,1428354330
6001,121.6,1428354360
6000,121.5,1428354390
6002,121.5,1428354420
6001,121.5,1428354450
6001,121.6,1428354481
6000,121.6,1428354510
6000,121.6,1428354540
6000,121.6,1428354570
5999,122.3,1428354600
5999,122.5,1428354630
5999,122.5,1428354660
5999,122.4,1428354690
6000,122.4,1428354720
6000,122.5,1428354750
6001,122.4,1428354780
6000,122.4,1428354810
5999,122.6,1428354840
5999,122.5,1428354870
5999,122.6,1428354900
5998,122.6,1428354930
5998,122.5,1428354960
5997,123,1428354990
5998,122.9,1428355020
5998,123,1428355050
6000,122.5,1428355080
5998,122.2,1428355110
5998,122.1,1428355140
5997,122,1428355170
6000,122.3,1428355200
5998,122.1,1428355230
5998,122.3,1428355260
5998,122.4,1428355290
5998,122.4,1428355320
5998,122.4,1428355350
5997,122.5,1428355380
5999,121.7,1428355410
5999,121.8,1428355440
5998,121.8,1428355470
5998,121.6,1428355500
5998,122.4,1428355530
5998,123,1428355560
5998,122.9,1428355590
5998,123,1428355620
5998,122.9,1428355649
5997,122.9,1428355680
5998,123,1428355710
5998,122.9,1428355739
5999,123,1428355770
5998,122.9,1428355799
6000,123.1,1428355829
5999,122.9,1428355860
5997,124,1428355890
5999,124,1428355920
5998,123.9,1428355949
5997,124,1428355979
6000,123.1,1428356010
5998,123.9,1428356040
6000,124,1428356069
6000,123,1428356100
5999,123.5,1428356130
5999,123.7,1428356159
5998,124.2,1428356189
5999,124.3,1428356220
5999,124.2,1428356249
5999,124.2,1428356279
5999,124.3,1428356309
5998,124.2,1428356340
5999,124.1,1428356369
6000,124.1,1428356399
5999,124.2,1428356429
6000,124.2,1428356459
6000,124.2,1428356489
5999,124.1,1428356519
5999,124.3,1428356549
5999,124.7,1428356580
5999,124.8,1428356609
6000,124.3,1428356639
5999,124.3,1428356670
6000,124.5,1428356699
5999,124.8,1428356729
5999,124.6,1428356759
6000,124.8,1428356789
5999,124.8,1428356819
6000,124.8,1428356849
6000,124.6,1428356879
6001,124.6,1428356910
6001,124.6,1428356939
5999,124.7,1428356970
6000,124.7,1428357000
5999,124.7,1428357029
6000,124.6,1428357059
5998,124.4,1428357089
6001,124.3,1428357119
6001,124.4,1428357149
5999,124.3,1428357179
6001,124.4,1428357210
5999,124.4,1428357239
6001,124.5,1428357270
6001,124.4,1428357299
5999,124.3,1428357329
5998,124.2,1428357360
6001,124.4,1428357389
5999,123.9,1428357419
5999,123.9,1428357449
5999,124,1428357479
6000,124.1,1428357509
6001,124.1,1428357540
6000,124.1,1428357569
6002,123.1,1428357599
6002,123.2,1428357629
6000,123.2,1428357659
6000,123.2,1428357689
6001,123.1,1428357719
6000,123.1,1428357749
6000,123.1,1428357779
6001,123.1,1428357809
6001,124,1428357839
6000,123.9,1428357869
6000,124.3,1428357899
6001,124.4,1428357929
6000,124.6,1428357959
6000,124.3,1428357989
5999,124.2,1428358019
6000,124.2,1428358049
5999,124.2,1428358079
6000,124.7,1428358109
5998,124.8,1428358139
5998,124.8,1428358169
5997,124.6,1428358199
5998,124.8,1428358229
5999,124.7,1428358259
5999,124.8,1428358289
5997,124.4,1428358319
5999,124.6,1428358350
5998,124.6,1428358379
5999,124.6,1428358409
5998,124.5,1428358439
5999,124.6,1428358469
5997,124.6,1428358499
5998,124.5,1428358529
5996,124.5,1428358559
5997,124.5,1428358589
5997,124.5,1428358619
5998,124.6,1428358649
5999,124.6,1428358679
5999,124.5,1428358709
5999,124.6,1428358739
6000,124.5,1428358769
6000,124.5,1428358799
6001,124.5,1428358829
5999,124.4,1428358859
6001,124.4,1428358889
6000,123.9,1428358919
5999,124.1,1428358948
5998,124.1,1428358979
5999,124.2,1428359008
5999,124.1,1428359039
5997,124.2,1428359069
5997,124,1428359098
5996,124.1,1428359129
5996,124,1428359159
5997,124,1428359189
5998,124.1,1428359219
5998,123.8,1428359250
6000,124.2,1428359279
5999,123.8,1428359308
6000,124.3,1428359338
5999,124.2,1428359368
6000,124.7,1428359399
5998,124.9,1428359429
5999,124.6,1428359458
5998,124.6,1428359489
5998,124.8,1428359518
5998,125,1428359548
5999,125,1428359579
5999,125.1,1428359608
5999,125,1428359640
5998,125.2,1428359669
5999,124.7,1428359699
5999,124.7,1428359728
6000,124.7,1428359758
5999,124.7,1428359789
6000,124.7,1428359818
5999,124.7,1428359848
6002,124.7,1428359879
6000,124.8,1428359908
6000,124.7,1428359938
6000,124.7,1428359968
5999,124.6,1428359998
5999,124.5,1428360028
5997,124.5,1428360059
5999,124.5,1428360088
5997,124.5,1428360119
5999,124.6,1428360148
5997,124.5,1428360179
5999,124.5,1428360208
5999,124.2,1428360238
6000,124.5,1428360268
5999,124.4,1428360298
6000,124.5,1428360328
6000,124.4,1428360358
6000,124.3,1428360388
6000,124.1,1428360418
5999,124.2,1428360448
5999,123.7,1428360478
5999,123.9,1428360509
5998,124.2,1428360538
5999,124,1428360568
6000,124,1428360598
5998,124,1428360628
5997,123.7,1428360658
5997,123.7,1428360688
5999,123.7,1428360719
6000,123.5,1428360748
6000,123.6,1428360778
6000,123.5,1428360809
5999,123.5,1428360838
6002,123.7,1428360868
6001,124.2,1428360898
6002,124,1428360928
6003,124,1428360958
6001,124,1428360988
6002,124.1,1428361018
6002,124,1428361048
6002,124.1,1428361078
6001,123.8,1428361108
6001,123.7,1428361138
6000,123.7,1428361168
6000,123.7,1428361199
6001,123.7,1428361228
6001,123.7,1428361258
5999,123.8,1428361288
6001,123.6,1428361318
5999,123.8,1428361348
5999,123.6,1428361378
6001,123.6,1428361408
5999,123.7,1428361438
6000,123.7,1428361468
5999,123.7,1428361498
6000,123.6,1428361528
6000,123.6,1428361558
5998,123.6,1428361588
5999,123.7,1428361618
5998,123.7,1428361648
6000,123.7,1428361679
6000,123.7,1428361708
5999,123.6,1428361738
6000,123.6,1428361768
6000,123.6,1428361798
5999,123.6,1428361828
5999,123.4,1428361858
5998,123.7,1428361888
6001,123.1,1428361918
6000,123.2,1428361947
6001,123.4,1428361978
6000,121.7,1428362008
5998,121.6,1428362037
5999,123.2,1428362068
5998,123.3,1428362097
5998,123.4,1428362128
5997,123.2,1428362157
5999,123.2,1428362187
5998,121.6,1428362218
6000,123.3,1428362248
6000,123.3,1428362278
5999,123.2,1428362307
6000,123.6,1428362337
5998,123.6,1428362367
6000,123.5,1428362398
5999,123.6,1428362427
5998,123.6,1428362458
5999,123.6,1428362488
5998,123.8,1428362517
6000,123.7,1428362548
5998,123.6,1428362577
5999,123.8,1428362607
5999,121,1428362637
5999,121.1,1428362667
6000,121.2,1428362697
5999,121.1,1428362727
5999,121.1,1428362758
5999,121.1,1428362787
5999,123.3,1428362817
5999,123.3,1428362847
5999,121,1428362877
5998,123.2,1428362907
5999,121,1428362937
5999,121.2,1428362967
6000,123.4,1428362997
6000,121.1,1428363027
6000,123.3,1428363058
5998,123.4,1428363087
5998,121.2,1428363117
5998,123.3,1428363147
5998,123.1,1428363178
5999,120.9,1428363207
6000,123.4,1428363237
6000,123.5,1428363267
5999,122.3,1428363297
6000,121.2,1428363327
6000,121.7,1428363357
5998,120.9,1428363387
5999,120.9,1428363417
5999,120.9,1428363447
5999,121.9,1428363477
5997,120.8,1428363507
5998,120.9,1428363537
5997,122.1,1428363567
5997,120.9,1428363597
5998,120.8,1428363627
5996,121,1428363657
5998,122.1,1428363687
5997,120.1,1428363717
5997,120.1,1428363747
5996,121.6,1428363777
5998,120.5,1428363807
5997,120.5,1428363837
5997,120.5,1428363867
5996,122.2,1428363897
5998,122.2,1428363927
5996,122.1,1428363957
5997,123.1,1428363987
5997,123,1428364017
5997,123.2,1428364047
5995,123,1428364077
5997,123,1428364107
5996,123.3,1428364137
5997,123.3,1428364167
5997,123.4,1428364197
5997,123.2,1428364227
5998,123.3,1428364257
5998,122.8,1428364287
5997,122.8,1428364317
6000,122.9,1428364347
5999,122.8,1428364377
5999,122.9,1428364407
5999,122.7,1428364437
5998,122.8,1428364467
6000,122.9,1428364497
6000,122.8,1428364527
5998,122.6,1428364557
5999,122.7,1428364587
6000,122.7,1428364617
5999,122.6,1428364647
5998,122.7,1428364677
5999,122.6,1428364707
5999,122.6,1428364737
5999,122.6,1428364767
6000,122.6,1428364797
5999,122.6,1428364827
5997,121.6,1428364857
6000,122.1,1428364887
5998,121.9,1428364917
5999,122.1,1428364947
5998,122,1428364976
5998,122,1428365007
6000,122,1428365037
6000,122,1428365067
6000,122.1,1428365097
6001,122.1,1428365127
6001,122.1,1428365156
6001,122.2,1428365187
6001,122.3,1428365216
6001,122.2,1428365247
6000,122.7,1428365276
6000,122.7,1428365307
6001,122.7,1428365337
6001,122.9,1428365366
5999,122.7,1428365396
6000,122.7,1428365427
6000,122.8,1428365456
6000,122.9,1428365487
6001,122.9,1428365516
6000,122.8,1428365547
5999,122.9,1428365576
5999,122.8,1428365607
5998,122.8,1428365636
5998,123,1428365666
5998,122.8,1428365696
5999,122.9,1428365727
5998,122.9,1428365756
5998,123.2,1428365786
5996,122.7,1428365817
5997,122.7,1428365846
5997,122.7,1428365876
5997,122.6,1428365906
5997,122.5,1428365937
5997,122.6,1428365967
5996,122,1428365996
5997,122,1428366026
5998,122.1,1428366056
5997,122,1428366086
5998,122.1,1428366116
5997,121.2,1428366146
5999,121.1,1428366176
5998,121.6,1428366206
5997,122.3,1428366236
6001,122.7,1428366266
5999,121.8,1428366296
5996,122,1428366326
5996,122,1428366356
5997,122.1,1428366386
5997,121.9,1428366416
5997,120,1428366447
5998,120,1428366476
5997,121.9,1428366506
5999,122,1428366536
5996,121.9,1428366566
5998,122,1428366597
5997,121.9,1428366626
5999,121.9,1428366656
5999,122,1428366686
5998,122.4,1428366716
5997,122.3,1428366746
5997,122.3,1428366776
5998,122.3,1428366806
5997,121.6,1428366836
5997,121.7,1428366866
5997,121.7,1428366896
5996,121.8,1428366926
5996,121.6,1428366956
5996,121.7,1428366986
5996,121.7,1428367016
5996,121.6,1428367046
5996,121.5,1428367076
5997,122,1428367106
5997,121.9,1428367136
5997,120.8,1428367166
5998,121.3,1428367196
5998,121.4,1428367226
5997,121.4,1428367256
5997,121.5,1428367286
5997,121.6,1428367316
5997,121.5,1428367346
5997,121.5,1428367376
5997,121.6,1428367406
5997,121.7,1428367436
5998,121.6,1428367466
5996,121.5,1428367496
5998,122.6,1428367526
5996,122.1,1428367556
5996,121,1428367586
5995,120.9,1428367616
5995,120.8,1428367646
5997,120.6,1428367676
5995,121.7,1428367706
5997,121.6,1428367736
5996,121.4,1428367766
5997,120.4,1428367796
5996,120.3,1428367825
5998,121.4,1428367856
5999,121.4,1428367886
5996,121.2,1428367916
5998,121.3,1428367946
5998,121.2,1428367975
5999,121.3,1428368006
5999,120.3,1428368036
5999,120.3,1428368066
5998,120.4,1428368095
5998,120.5,1428368125
5998,121.9,1428368156
6000,121.9,1428368185
6000,122.6,1428368216
6000,122.5,1428368245
6000,122.6,1428368276
6002,122.6,1428368306
6001,122.5,1428368335
6003,122.6,1428368366
6001,122.5,1428368395
6002,122.8,1428368425
6002,122.9,1428368455
6003,122.8,1428368486
6003,122.7,1428368515
6003,122.8,1428368546
6001,122.3,1428368575
6001,122.2,1428368605
6001,122.7,1428368635
6000,121.8,1428368665
6000,121,1428368696
6001,121.1,1428368725
6001,122.1,1428368755
6000,122.1,1428368786
6001,122.2,1428368815
6001,122.1,1428368845
6001,123,1428368876
5998,123,1428368905
6000,122.9,1428368935
6001,122.5,1428368966
5999,122.5,1428368995
6001,122.6,1428369025
6002,122.7,1428369055
6000,122.7,1428369085
6000,123.2,1428369115
6000,122.8,1428369145
6000,122.8,1428369175
6000,122.6,1428369205
6000,123,1428369235
5999,122.8,1428369266
5999,123,1428369295
5999,122.1,1428369325
6000,123.4,1428369356
5998,123.3,1428369385
5998,123.4,1428369415
5997,123.2,1428369445
5998,123.2,1428369476
5998,123.2,1428369505
5998,123.3,1428369535
5997,123.3,1428369565
5998,122.9,1428369595
5998,122.8,1428369625
5996,122.7,1428369655
5999,122.8,1428369685
5997,122.7,1428369715
5998,123.1,1428369745
5996,122.9,1428369775
5997,122.8,1428369805
5997,123.2,1428369835
5997,123.2,1428369865
5997,123.2,1428369895
5996,123.2,1428369925
5997,123.3,1428369955
5997,123.1,1428369985
5998,123.3,1428370015
5997,123.4,1428370045
5999,123.2,1428370075
5998,123.3,1428370105
5998,123.2,1428370135
5998,123.3,1428370165
5997,123.4,1428370195
5996,123.3,1428370225
5998,123.4,1428370255
5997,123.5,1428370285
5998,123.4,1428370315
5997,123.3,1428370345
5997,121.5,1428370375
5997,121.8,1428370405
5997,122,1428370435
5999,122.2,1428370465
5996,122.2,1428370495
5996,122.2,1428370525
5998,121.8,1428370555
5997,121.8,1428370585
5997,122.2,1428370615
5997,122.5,1428370645
5996,121.8,1428370675
5997,123.1,1428370705
5997,122.5,1428370735
5998,121.5,1428370765
5996,121.6,1428370795
5998,121.6,1428370825
5997,121.6,1428370855
5997,122.6,1428370885
5998,122.6,1428370915
5996,121.6,1428370945
5998,121.7,1428370975
5997,121.7,1428371004
5998,121.7,1428371035
5998,122.9,1428371064
5999,122.9,1428371094
5997,122.9,1428371125
5998,121.8,1428371155
6000,121.9,1428371185
5999,121.9,1428371214
5999,122.9,1428371245
5999,123.4,1428371274
5999,123.4,1428371305
5999,123.2,1428371334
5998,123.4,1428371365
5999,123.3,1428371394
5999,122.9,1428371425
6000,122.5,1428371454
5998,122.6,1428371485
5998,122.5,1428371514
5998,121.6,1428371545
6000,122,1428371574
5997,122,1428371604
5998,123,1428371634
5996,122.5,1428371665
5998,122.9,1428371694
5998,122.7,1428371725
6001,123,1428371754
5998,122.5,1428371784
5998,122.5,1428371815
5998,122.1,1428371844
6000,122.5,1428371875
5997,122.9,1428371904
5998,121.7,1428371935
5999,122.3,1428371964
5999,121.9,1428371994
6001,122.3,1428372024
5997,122.4,1428372055
5999,122.5,1428372085
5999,121.1,1428372114
5998,122.4,1428372145
5998,122.4,1428372174
5998,122.4,1428372205
5998,122.5,1428372234
5999,122.3,1428372265
5998,122.3,1428372294
5998,122.5,1428372325
5996,122.4,1428372354
5999,122.5,1428372384
5998,122.4,1428372414
6001,122.4,1428372444
5999,123,1428372474
5998,122.5,1428372504
5999,122.2,1428372535
5999,122.3,1428372564
5998,121.5,1428372594
5999,121,1428372624
6000,121.1,1428372654
6000,121.1,1428372684
6000,120.9,1428372714
5999,121,1428372744
6000,121.9,1428372774
5999,121.9,1428372804
6001,122.4,1428372836
5999,122.3,1428372864
6001,122.3,1428372894
6000,121.6,1428372924
6000,121.8,1428372954
6000,122.3,1428372984
6000,122.1,1428373014
5999,122.1,1428373044
6000,122.2,1428373074
6000,122.6,1428373104
6001,122.6,1428373134
5999,122.6,1428373164
5999,123.5,1428373194
6000,123.4,1428373224
6000,123.5,1428373254
5999,123.4,1428373284
5999,123.3,1428373314
6000,123.4,1428373344
5998,123.1,1428373374
5997,123.2,1428373404
5998,123.3,1428373434
5999,123.2,1428373464
5997,123.2,1428373494
5999,123.2,1428373524
5999,123.2,1428373554
5998,123.1,1428373584
5999,123,1428373614
5999,123,1428373644
5997,122.9,1428373674
5999,122.9,1428373704
5998,122.7,1428373734
6000,123,1428373764
6000,122.9,1428373794
6000,122.4,1428373824
5998,122.5,1428373854
6001,122.5,1428373884
5999,122.3,1428373914
5999,122.5,1428373943
6000,122.7,1428373973
5999,122.5,1428374004
5999,122.4,1428374034
5999,122.5,1428374063
6000,122.5,1428374094
5998,122.5,1428374123
6000,122.4,1428374154
5997,122.4,1428374184
5999,123.3,1428374214
5999,123.3,1428374244
5999,123.7,1428374273
5999,123.6,1428374303
5999,123.5,1428374334
5999,123.7,1428374363
5999,123.6,1428374393
5999,123.6,1428374424
5998,123.7,1428374453
5999,123.5,1428374483
5999,123.7,1428374513
5998,123.7,1428374543
5998,123.7,1428374573
5998,123.7,1428374603
5999,123.6,1428374633
5998,123.6,1428374664
6000,123.4,1428374693
5999,123.6,1428374723
6002,123.6,1428374753
6000,123.6,1428374783
6000,123.5,1428374813
6000,123.5,1428374844
6000,123.4,1428374873
6000,123.6,1428374903
6000,123.3,1428374933
6000,123.3,1428374963
6000,123.3,1428374993
5999,122.8,1428375023
6000,122.9,1428375053
6000,122.8,1428375083
6001,122.9,1428375113
5999,122.8,1428375143
5999,122.9,1428375174
5999,122.9,1428375203
5999,122,1428375233
5999,122,1428375263
5999,121.3,1428375293
5999,121.4,1428375324
6000,121.4,1428375353
6000,122.6,1428375383
6000,123.4,1428375413
6000,122.4,1428375443
6000,122.5,1428375474
6001,122.5,1428375503
5999,122.5,1428375533
6001,122.6,1428375563
6000,122.5,1428375593
6000,122.5,1428375623
5999,122.5,1428375653
5999,122.5,1428375683
5999,122.5,1428375713
5999,122.7,1428375743
5999,122.6,1428375773
5999,122.7,1428375803
6000,122.8,1428375833
6000,123,1428375863
6001,122.8,1428375893
5999,122.8,1428375923
6000,122.8,1428375953
6001,122.7,1428375983
6000,123.6,1428376013
5999,123.8,1428376043
6001,124,1428376073
6001,124.1,1428376103
6001,124.1,1428376133
6003,124.3,1428376163
6001,124.3,1428376193
6001,124.2,1428376223
6001,124.2,1428376253
6002,124.2,1428376283
6001,124.5,1428376313
6003,124.6,1428376343
6001,124.5,1428376373
6003,124.6,1428376403
6002,124.5,1428376433
6003,124.5,1428376463
6002,124.3,1428376493
6003,124.3,1428376523
6003,124.4,1428376553
6002,124.4,1428376583
6002,124.2,1428376613
6003,123.1,1428376643
6002,123,1428376673
6002,123.1,1428376703
6002,123,1428376733
6001,122.6,1428376763
6002,122.5,1428376793
6002,122.7,1428376823
6000,122.6,1428376853
6002,122.5,1428376883
6001,122.5,1428376913
6001,122.5,1428376943
6002,121.8,1428376973
6001,122.5,1428377003
6002,122.5,1428377033
6000,122.5,1428377063
6001,122.5,1428377093
6001,122.6,1428377123
6001,122.6,1428377153
6001,122.6,1428377183
6001,122.5,1428377213
6001,123.5,1428377243
6000,123.3,1428377272
6002,123.3,1428377303
6001,123.4,1428377332
6000,123.4,1428377363
6000,123.3,1428377392
6001,123.2,1428377422
6000,123.2,1428377452
6000,123.3,1428377482
6001,123.4,1428377513
5999,123.3,1428377542
6000,123.4,1428377572
6001,123.6,1428377603
6002,123.1,1428377633
6001,123.4,1428377662
6001,123.3,1428377692
6002,123.2,1428377722
6000,123.3,1428377753
6002,123,1428377782
6002,122.9,1428377812
6001,122.7,1428377843
6000,122.8,1428377872
6001,122.7,1428377903
6001,123.2,1428377932
6002,123.2,1428377962
6001,123.2,1428377992
6001,123.6,1428378022
6001,123.6,1428378053
6002,123.5,1428378082
6002,123.6,1428378112
6002,123.8,1428378143
6002,123.7,1428378172
6002,123.7,1428378202
6000,123.7,1428378232
6001,123.2,1428378263
6002,123.1,1428378293
6002,123,1428378323
6001,123.1,1428378352
6000,123,1428378382
6003,123,1428378412
6001,123,1428378443
6002,122.8,1428378472
5999,122.7,1428378502
6002,123.2,1428378532
6002,123.2,1428378563
6002,123.1,1428378592
6001,123.2,1428378622
6001,123.2,1428378652
5999,123.2,1428378683
6001,123.2,1428378712
6000,123.4,1428378742
6001,123.3,1428378773
6000,123.4,1428378802
6000,123.3,1428378832
6001,123.2,1428378862
6002,123.5,1428378892
6001,123.4,1428378922
6002,122.2,1428378952
6000,122,1428378982
6002,122.1,1428379012
6003,122,1428379042
6000,121.9,1428379072
6003,121.8,1428379102
6000,121.5,1428379132
6001,121.8,1428379162
6001,121.7,1428379192
6000,121.7,1428379222
6002,121.8,1428379252
6000,121.8,1428379282
6001,120.8,1428379312
6001,122,1428379342
6002,122.1,1428379372
6000,122,1428379402
6001,122.5,1428379432
6001,122.5,1428379462
6000,122.5,1428379492
6002,122.6,1428379522
6002,123.5,1428379552
6000,123.6,1428379582
6001,123.6,1428379612
6000,123.5,1428379642
6001,123.4,1428379672
5999,123.3,1428379702
6000,123.4,1428379732
6000,123.3,1428379762
5999,123.5,1428379792
6001,123.5,1428379822
6000,123.4,1428379852
6001,123.5,1428379882
6001,123.6,1428379912
6001,123.5,1428379942
6001,123.4,1428379972
6000,123.6,1428380002
6001,123.6,1428380031
6001,123.1,1428380062
6001,123.1,1428380092
6001,123.1,1428380122
5999,123.1,1428380151
5999,123.2,1428380181
5999,123.1,1428380211
5999,123,1428380242
6001,123,1428380272
6001,123,1428380301
5999,123.1,1428380331
5999,123,1428380362
6000,123,1428380391
6000,123,1428380421
6000,123.6,1428380452
6001,123.6,1428380482
6000,123.6,1428380511
6001,123.7,1428380541
6001,123.7,1428380571
6000,123.8,1428380602
6001,123.7,1428380631
6001,123.8,1428380662
6002,123.7,1428380691
6000,123.1,1428380722
6002,123.8,1428380751
6001,123.8,1428380782
6001,123.9,1428380811
6002,123.9,1428380841
6000,122.8,1428380872
6001,122.7,1428380901
6000,122.7,1428380931
6001,122.6,1428380961
6001,122.7,1428380991
6000,122.7,1428381021
6001,122.7,1428381051
6001,122.6,1428381081
6000,122.7,1428381112
6001,122.5,1428381141
6000,122.7,1428381172
6001,122.7,1428381201
6000,122.8,1428381232
6000,122.7,1428381261
6001,122.8,1428381291
6001,122.7,1428381321
6001,123.8,1428381352
6001,123.8,1428381381
6001,123.8,1428381412
6000,123.7,1428381441
6001,123.5,1428381471
6000,123.6,1428381501
6001,123.9,1428381531
6001,123.5,1428381561
6000,123.6,1428381592
6001,123.5,1428381621
6001,123.5,1428381651
6001,123,1428381681
6001,123,1428381712
6001,123,1428381741
6001,123,1428381771
6001,123.2,1428381801
6000,123.2,1428381831
6001,123.2,1428381861
6001,123.3,1428381891
6002,123.3,1428381921
6001,123.8,1428381951
6000,123.8,1428381981
6001,123.8,1428382012
6000,123.7,1428382041
6001,123.6,1428382071
6001,123.7,1428382101
5999,123.8,1428382131
6001,123.8,1428382161
6002,123.9,1428382191
5999,123.9,1428382221
6001,123.8,1428382251
5999,123.8,1428382281
6000,124.1,1428382311
5998,124.1,1428382341
5999,124.1,1428382371
5998,124.1,1428382401
5999,124,1428382431
5998,124,1428382461
5998,124,1428382491
5998,124,1428382521
5998,124,1428382551
5999,123.1,1428382581
5998,123,1428382611
5998,123.1,1428382641
5997,123.1,1428382671
5999,123.1,1428382701
5996,123.1,1428382731
5998,123,1428382761
5997,122.8,1428382791
5999,122.4,1428382821
5997,122.5,1428382851
5997,122.6,1428382881
5997,122.5,1428382911
5997,122.3,1428382941
5996,122.5,1428382971
5996,122.7,1428383001
5996,122.6,1428383031
5996,123.7,1428383060
5996,123.8,1428383091
5996,123.8,1428383121
5996,123.7,1428383151
5996,123.8,1428383181
5996,124.2,1428383210
5996,124.2,1428383241
5997,124.1,1428383271
5996,124.1,1428383300
5997,122.9,1428383330
5997,122.9,1428383361
5996,121.9,1428383391
5998,122.1,1428383420
5997,122.3,1428383451
5998,122.3,1428383480
5999,122.2,1428383510
5997,122.4,1428383541
5999,122.3,1428383570
5998,122.3,1428383601
5999,122.3,1428383630
5999,122.3,1428383661
5998,122.2,1428383691
5999,122.4,1428383720
6000,122.3,1428383751
6000,122.4,1428383781
5999,122.4,1428383810
6001,122.5,1428383840
6000,122.6,1428383871
6001,122.5,1428383900
6001,122.4,1428383930
5999,122.3,1428383960
5999,122.2,1428383990
6000,121.8,1428384020
6001,121.8,1428384050
6001,121.8,1428384080
6000,121.8,1428384111
6001,121.8,1428384140
6001,121.8,1428384171
5999,120.8,1428384200
5998,120.6,1428384230
6000,120.5,1428384260
5999,120.7,1428384291
6001,120.6,1428384320
5998,120.7,1428384351
6000,120.6,1428384380
5999,121,1428384410
5999,121.1,1428384440
6000,121.2,1428384470
6000,121,1428384500
6000,121,1428384530
5999,121,1428384561
6001,121,1428384590
6001,120.9,1428384620
6001,121,1428384650
6002,121.1,1428384680
5999,120.8,1428384710
6003,120.9,1428384740
5999,120.9,1428384771
6003,120.9,1428384800
6002,121,1428384830
6003,121.1,1428384860
6001,121.2,1428384890
6001,121.3,1428384920
6001,121.4,1428384951
6001,121.4,1428384980
6001,121.3,1428385012
6001,121.4,1428385040
6001,121.2,1428385070
6002,122.3,1428385100
6001,122.5,1428385130
6001,121.9,1428385160
6001,121.8,1428385190
6001,121.9,1428385220
6002,121.9,1428385250
6002,122,1428385280
6001,122.1,1428385310
6003,122.1,1428385340
6003,122.1,1428385370
6002,122,1428385400
6003,122.1,1428385430
6003,122.1,1428385460
6003,122.3,1428385490
6003,122.3,1428385520
6002,122.9,1428385550
6003,122.9,1428385580
6003,122.9,1428385610
6003,123,1428385640
6003,123,1428385670
6002,123,1428385700
6004,123.1,1428385730
6002,123.1,1428385760
6003,123.1,1428385790
6003,123.1,1428385820
6002,123.1,1428385850
6001,123.1,1428385880
6001,123.1,1428385910
6001,122.1,1428385940
6003,122.2,1428385970
6001,122.2,1428386000
6003,122,1428386030
6000,121.9,1428386060
6002,122,1428386090
6001,121.9,1428386120
6002,121.8,1428386150
6001,121.7,1428386180
6000,121.8,1428386210
6002,121.2,1428386240
6001,121.3,1428386270
6001,121.4,1428386299
6003,121.4,1428386330
6001,121.3,1428386359
6002,121.4,1428386390
6003,121.5,1428386420
6000,121.4,1428386449
6000,121.5,1428386480
6000,121.5,1428386509
5998,121.4,1428386540
6000,121.4,1428386569
5997,121.4,1428386600
5999,121.4,1428386629
5999,121.4,1428386660
5999,122.7,1428386690
6000,122.7,1428386719
6000,122.8,1428386750
6001,122.8,1428386780
5999,122.8,1428386809
6001,122.9,1428386839
6000,122.8,1428386869
6001,122.9,1428386900
6001,123,1428386929
6001,123,1428386960
6001,122.9,1428386989
6000,122.9,1428387019
6001,121,1428387049
6000,121,1428387079
5999,121,1428387109
6001,121,1428387140
6001,121,1428387169
6002,121,1428387199
6004,120.9,1428387230
6001,121.1,1428387259
6000,122,1428387290
6001,121.5,1428387319
6001,121.5,1428387349
6000,121.5,1428387379
6003,121.6,1428387410
6000,120.7,1428387439
6002,121.7,1428387469
6001,121.7,1428387499
6000,121.8,1428387530
6001,121.8,1428387559
6001,121.8,1428387590
6001,121.8,1428387619
6003,121.8,1428387650
6001,121.8,1428387679
6003,121.8,1428387709
6003,121.6,1428387739
6001,122.1,1428387770
6002,122.1,1428387799
6001,122.2,1428387829
6002,122.1,1428387859
6002,122.2,1428387889
6003,122.2,1428387919
6003,122.2,1428387949
6003,122.3,1428387979
6001,122.1,1428388010
6001,122.1,1428388039
6002,122.1,1428388069
6001,122.2,1428388099
6002,122.2,1428388129
6002,122.2,1428388159
6002,123.1,1428388189
6001,123.2,1428388219
6002,123.2,1428388249
6002,123.2,1428388279
6001,123,1428388309
6001,123.1,1428388339
6001,123.1,1428388369
6001,122.7,1428388399
6000,122.5,1428388429
6003,122.7,1428388459
6001,122.6,1428388489
6001,122.6,1428388519
6001,122.6,1428388549
6000,122.7,1428388579
6001,122.6,1428388609
5999,122.4,1428388639
6001,122.5,1428388669
6000,122.4,1428388699
6001,122.5,1428388729
6001,122.4,1428388759
5999,122.4,1428388789
